max_square_root,shard_count,seconds,class_count,baseline_working_set_bytes,peak_working_set_bytes,peak_pagefile_bytes,final_private_bytes
1000000,64,32.55600790000062,0,22630400,80416768,71876608,60854272
1000000,128,31.693153600001096,0,22618112,54607872,46379008,43388928
1000000,256,32.43807039999956,0,22597632,40124416,31301632,29204480
1000000,512,33.55345630000011,0,22564864,33173504,24289280,24289280
