repetition,mode,seconds,class_count
1,isqrt,3.6495479000004707,0
1,cached_isqrt,4.735348999998678,0
2,cached_isqrt,4.647826199998235,0
2,isqrt,3.679353399998945,0
3,isqrt,3.6745288999991317,0
3,cached_isqrt,4.753241200000048,0
4,cached_isqrt,4.747043600000325,0
4,isqrt,3.6749592000014673,0
5,isqrt,3.71743879999849,0
5,cached_isqrt,4.70835210000223,0
6,cached_isqrt,4.85494380000091,0
6,isqrt,3.765685999998823,0
7,isqrt,3.663855099999637,0
7,cached_isqrt,4.695013099997595,0
