{
  "benchmark": "B6 bounded square-membership cache",
  "max_square_root": 100000,
  "repeats": 7,
  "catalog": {
    "progressions": 122640,
    "generation_seconds": 0.23754799999733223,
    "shared_between_modes": true
  },
  "class_count": 0,
  "summaries": {
    "isqrt": {
      "seconds": [
        3.6495479000004707,
        3.679353399998945,
        3.6745288999991317,
        3.6749592000014673,
        3.71743879999849,
        3.765685999998823,
        3.663855099999637
      ],
      "median_seconds": 3.6749592000014673,
      "min_seconds": 3.6495479000004707,
      "max_seconds": 3.765685999998823,
      "stats": {
        "progressions": 122640,
        "progression_incidences": 367920,
        "indexed_square_values": 86154,
        "shared_square_values": 61904,
        "gcd_buckets": 165071,
        "gcd_bucket_pairs_considered": 519994,
        "ordered_seed_pairs": 2861724,
        "rejected_nonprimitive_seed": 2175518,
        "compatible_seed_pairs": 686206,
        "rejected_equal_steps": 0,
        "reconstructed_grids": 686206,
        "rejected_nonpositive": 225656,
        "rejected_outside_complete_box": 23274,
        "rejected_nondistinct": 4,
        "square_membership_tests": 1749088,
        "rejected_not_all_nine_square": 437272,
        "validated_candidates": 0,
        "rejected_nonprimitive": 0,
        "duplicate_classes": 0,
        "accepted_classes": 0,
        "square_oracle_cached_isqrt": 0,
        "square_oracle_isqrt": 1,
        "square_oracle_residue_isqrt": 0,
        "square_oracle_materialized_set": 0,
        "square_oracle_queries": 1749088,
        "square_oracle_range_rejections": 0,
        "square_oracle_residue_rejections": 0,
        "square_oracle_isqrt_tests": 1749088,
        "square_oracle_hits": 1582
      }
    },
    "cached_isqrt": {
      "seconds": [
        4.735348999998678,
        4.647826199998235,
        4.753241200000048,
        4.747043600000325,
        4.70835210000223,
        4.85494380000091,
        4.695013099997595
      ],
      "median_seconds": 4.735348999998678,
      "min_seconds": 4.647826199998235,
      "max_seconds": 4.85494380000091,
      "stats": {
        "progressions": 122640,
        "progression_incidences": 367920,
        "indexed_square_values": 86154,
        "shared_square_values": 61904,
        "gcd_buckets": 165071,
        "gcd_bucket_pairs_considered": 519994,
        "ordered_seed_pairs": 2861724,
        "rejected_nonprimitive_seed": 2175518,
        "compatible_seed_pairs": 686206,
        "rejected_equal_steps": 0,
        "reconstructed_grids": 686206,
        "rejected_nonpositive": 225656,
        "rejected_outside_complete_box": 23274,
        "rejected_nondistinct": 4,
        "square_membership_tests": 1749088,
        "rejected_not_all_nine_square": 437272,
        "validated_candidates": 0,
        "rejected_nonprimitive": 0,
        "duplicate_classes": 0,
        "accepted_classes": 0,
        "square_oracle_cached_isqrt": 1,
        "square_oracle_isqrt": 0,
        "square_oracle_residue_isqrt": 0,
        "square_oracle_materialized_set": 0,
        "square_oracle_queries": 1749088,
        "square_oracle_range_rejections": 0,
        "square_oracle_residue_rejections": 0,
        "square_oracle_isqrt_tests": 862690,
        "square_oracle_hits": 1582,
        "square_oracle_cache_capacity": 4096,
        "square_oracle_cache_hits": 886398,
        "square_oracle_cache_misses": 862690,
        "square_oracle_cache_current_size": 4096
      }
    }
  },
  "direct_over_cached_median_time": 0.7760693456812778
}