{
  "benchmark": "B3-B6 batched isqrt versus materialized set",
  "max_square_root": 100000,
  "repeats": 5,
  "catalog": {
    "progressions": 122640,
    "generation_seconds": 0.21271469999919645,
    "shared_between_all_runs": true
  },
  "summaries": {
    "B3": {
      "class_count": 1,
      "modes": {
        "isqrt": {
          "seconds": [
            0.3965021000003617,
            0.3897966999975324,
            0.38335169999845675,
            0.38003349999780767,
            0.3816287999979977
          ],
          "median_seconds": 0.38335169999845675,
          "min_seconds": 0.38003349999780767,
          "max_seconds": 0.3965021000003617,
          "stats": {
            "progressions": 122640,
            "first_term_groups": 45623,
            "groups_with_two_progressions": 22385,
            "gcd_buckets": 48738,
            "gcd_bucket_pairs_considered": 116991,
            "ordered_progression_pairs": 635968,
            "rejected_nonprimitive_seed": 478344,
            "compatible_progression_pairs": 157624,
            "square_membership_tests": 315248,
            "pair_extension_hits": 1,
            "validated_candidates": 1,
            "rejected_mask": 0,
            "rejected_nonprimitive": 0,
            "duplicate_classes": 0,
            "accepted_classes": 1,
            "square_oracle_cached_isqrt": 0,
            "square_oracle_isqrt": 1,
            "square_oracle_residue_isqrt": 0,
            "square_oracle_materialized_set": 0,
            "square_oracle_queries": 157720,
            "square_oracle_range_rejections": 1,
            "square_oracle_residue_rejections": 0,
            "square_oracle_isqrt_tests": 157719,
            "square_oracle_hits": 97,
            "pre_box_classes": 1,
            "rejected_outside_complete_box": 0
          }
        },
        "materialized_set": {
          "seconds": [
            0.36621500000183005,
            0.3723003000013705,
            0.367578000001231,
            0.35828029999902355,
            0.3600651000015205
          ],
          "median_seconds": 0.36621500000183005,
          "min_seconds": 0.35828029999902355,
          "max_seconds": 0.3723003000013705,
          "stats": {
            "progressions": 122640,
            "first_term_groups": 45623,
            "groups_with_two_progressions": 22385,
            "gcd_buckets": 48738,
            "gcd_bucket_pairs_considered": 116991,
            "ordered_progression_pairs": 635968,
            "rejected_nonprimitive_seed": 478344,
            "compatible_progression_pairs": 157624,
            "square_membership_tests": 315248,
            "pair_extension_hits": 1,
            "validated_candidates": 1,
            "rejected_mask": 0,
            "rejected_nonprimitive": 0,
            "duplicate_classes": 0,
            "accepted_classes": 1,
            "square_oracle_cached_isqrt": 0,
            "square_oracle_isqrt": 0,
            "square_oracle_residue_isqrt": 0,
            "square_oracle_materialized_set": 1,
            "pre_box_classes": 1,
            "rejected_outside_complete_box": 0
          }
        }
      },
      "materialized_over_isqrt_median_time": 0.955297707048917
    },
    "B4": {
      "class_count": 1,
      "modes": {
        "isqrt": {
          "seconds": [
            3.014795300001424,
            3.0328317000021343,
            3.0713971000004676,
            3.0655398000017158,
            3.1246676000009757
          ],
          "median_seconds": 3.0655398000017158,
          "min_seconds": 3.014795300001424,
          "max_seconds": 3.1246676000009757,
          "stats": {
            "progressions": 122640,
            "progression_incidences": 367920,
            "indexed_square_values": 86154,
            "shared_square_values": 61904,
            "gcd_buckets": 165071,
            "gcd_bucket_pairs_considered": 519994,
            "ordered_seed_pairs": 2861724,
            "rejected_nonprimitive_seed": 2175518,
            "compatible_seed_pairs": 686206,
            "rejected_equal_steps": 0,
            "reconstructed_grids": 686206,
            "rejected_nonpositive": 225656,
            "rejected_outside_complete_box": 23274,
            "rejected_nondistinct": 4,
            "square_membership_tests": 1749088,
            "rejected_not_exactly_seven": 437268,
            "validated_candidates": 4,
            "rejected_nonprimitive": 0,
            "duplicate_classes": 3,
            "accepted_classes": 1,
            "square_oracle_cached_isqrt": 0,
            "square_oracle_isqrt": 1,
            "square_oracle_residue_isqrt": 0,
            "square_oracle_materialized_set": 0,
            "square_oracle_queries": 1749088,
            "square_oracle_range_rejections": 0,
            "square_oracle_residue_rejections": 0,
            "square_oracle_isqrt_tests": 1749088,
            "square_oracle_hits": 1582,
            "orbit_candidates_corner_edge_nonincident": 4
          }
        },
        "materialized_set": {
          "seconds": [
            3.0465069000019867,
            3.0419236999987334,
            3.0393780000013066,
            3.0585745999997016,
            3.0722160000004806
          ],
          "median_seconds": 3.0465069000019867,
          "min_seconds": 3.0393780000013066,
          "max_seconds": 3.0722160000004806,
          "stats": {
            "progressions": 122640,
            "progression_incidences": 367920,
            "indexed_square_values": 86154,
            "shared_square_values": 61904,
            "gcd_buckets": 165071,
            "gcd_bucket_pairs_considered": 519994,
            "ordered_seed_pairs": 2861724,
            "rejected_nonprimitive_seed": 2175518,
            "compatible_seed_pairs": 686206,
            "rejected_equal_steps": 0,
            "reconstructed_grids": 686206,
            "rejected_nonpositive": 225656,
            "rejected_outside_complete_box": 23274,
            "rejected_nondistinct": 4,
            "square_membership_tests": 1749088,
            "rejected_not_exactly_seven": 437268,
            "validated_candidates": 4,
            "rejected_nonprimitive": 0,
            "duplicate_classes": 3,
            "accepted_classes": 1,
            "square_oracle_cached_isqrt": 0,
            "square_oracle_isqrt": 0,
            "square_oracle_residue_isqrt": 0,
            "square_oracle_materialized_set": 1,
            "orbit_candidates_corner_edge_nonincident": 4
          }
        }
      },
      "materialized_over_isqrt_median_time": 0.9937913381520219
    },
    "B5": {
      "class_count": 0,
      "modes": {
        "isqrt": {
          "seconds": [
            3.647662699997454,
            3.637533400000393,
            3.6918557999997574,
            3.6645259999968403,
            3.649219400002039
          ],
          "median_seconds": 3.649219400002039,
          "min_seconds": 3.637533400000393,
          "max_seconds": 3.6918557999997574,
          "stats": {
            "progressions": 122640,
            "progression_incidences": 367920,
            "indexed_square_values": 86154,
            "shared_square_values": 61904,
            "gcd_buckets": 165071,
            "gcd_bucket_pairs_considered": 519994,
            "ordered_seed_pairs": 2861724,
            "rejected_nonprimitive_seed": 2175518,
            "compatible_seed_pairs": 686206,
            "rejected_equal_steps": 0,
            "reconstructed_grids": 686206,
            "rejected_nonpositive": 225656,
            "rejected_outside_complete_box": 23274,
            "rejected_nondistinct": 4,
            "square_membership_tests": 1749088,
            "rejected_not_exactly_eight": 437272,
            "validated_candidates": 0,
            "rejected_nonprimitive": 0,
            "duplicate_classes": 0,
            "accepted_classes": 0,
            "square_oracle_cached_isqrt": 0,
            "square_oracle_isqrt": 1,
            "square_oracle_residue_isqrt": 0,