repetition,mode,seconds,class_count
1,isqrt,4.750201200000447,0
1,cached_isqrt,5.2881571000034455,0
2,cached_isqrt,5.376767200003087,0
2,isqrt,4.7635006999989855,0
3,isqrt,4.743904799997836,0
3,cached_isqrt,5.306388800003333,0
4,cached_isqrt,5.291769300001761,0
4,isqrt,4.757607499999722,0
5,isqrt,4.778573399999004,0
5,cached_isqrt,5.3168427999989945,0
6,cached_isqrt,5.368524100002105,0
6,isqrt,4.729318599998805,0
7,isqrt,4.733351000002585,0
7,cached_isqrt,5.347507899998163,0
