phase,repetition,order_index,shard_count,seconds,peak_bytes,shards_used,max_incidence_records_in_shard,class_count
timing,1,1,64,31.970407099999647,,64,157546,0
timing,1,2,128,31.805956300000616,,128,81659,0
timing,1,3,256,32.30068290000054,,256,42417,0
timing,1,4,512,33.82589590000134,,512,21273,0
timing,2,1,64,31.79016159999992,,64,157546,0
timing,2,2,512,33.978118000000904,,512,21273,0
timing,2,3,256,32.382837899998776,,256,42417,0
timing,2,4,128,34.0736581000001,,128,81659,0
