{
  "benchmark": "B6 bounded square-membership cache",
  "max_square_root": 100000,
  "repeats": 7,
  "catalog": {
    "progressions": 122640,
    "generation_seconds": 0.21031500000026426,
    "shared_between_modes": true
  },
  "class_count": 0,
  "summaries": {
    "isqrt": {
      "seconds": [
        4.750201200000447,
        4.7635006999989855,
        4.743904799997836,
        4.757607499999722,
        4.778573399999004,
        4.729318599998805,
        4.733351000002585
      ],
      "median_seconds": 4.750201200000447,
      "min_seconds": 4.729318599998805,
      "max_seconds": 4.778573399999004,
      "stats": {
        "progressions": 122640,
        "progression_incidences": 367920,
        "indexed_square_values": 86154,
        "shared_square_values": 61904,
        "gcd_buckets": 165071,
        "gcd_bucket_pairs_considered": 519994,
        "ordered_seed_pairs": 2861724,
        "rejected_nonprimitive_seed": 2175518,
        "compatible_seed_pairs": 686206,
        "rejected_equal_steps": 0,
        "reconstructed_grids": 686206,
        "rejected_nonpositive": 225656,
        "rejected_outside_complete_box": 23274,
        "rejected_nondistinct": 4,
        "square_membership_tests": 1749088,
        "rejected_not_all_nine_square": 437272,
        "validated_candidates": 0,
        "rejected_nonprimitive": 0,
        "duplicate_classes": 0,
        "accepted_classes": 0,
        "square_oracle_cached_isqrt": 0,
        "square_oracle_isqrt": 1,
        "square_oracle_residue_isqrt": 0,
        "square_oracle_materialized_set": 0,
        "square_oracle_queries": 1749088,
        "square_oracle_range_rejections": 0,
        "square_oracle_residue_rejections": 0,
        "square_oracle_isqrt_tests": 1749088,
        "square_oracle_hits": 1582
      }
    },
    "cached_isqrt": {
      "seconds": [
        5.2881571000034455,
        5.376767200003087,
        5.306388800003333,
        5.291769300001761,
        5.3168427999989945,
        5.368524100002105,
        5.347507899998163
      ],
      "median_seconds": 5.3168427999989945,
      "min_seconds": 5.2881571000034455,
      "max_seconds": 5.376767200003087,
      "stats": {
        "progressions": 122640,
        "progression_incidences": 367920,
        "indexed_square_values": 86154,
        "shared_square_values": 61904,
        "gcd_buckets": 165071,
        "gcd_bucket_pairs_considered": 519994,
        "ordered_seed_pairs": 2861724,
        "rejected_nonprimitive_seed": 2175518,
        "compatible_seed_pairs": 686206,
        "rejected_equal_steps": 0,
        "reconstructed_grids": 686206,
        "rejected_nonpositive": 225656,
        "rejected_outside_complete_box": 23274,
        "rejected_nondistinct": 4,
        "square_membership_tests": 1749088,
        "rejected_not_all_nine_square": 437272,
        "validated_candidates": 0,
        "rejected_nonprimitive": 0,
        "duplicate_classes": 0,
        "accepted_classes": 0,
        "square_oracle_cached_isqrt": 1,
        "square_oracle_isqrt": 0,
        "square_oracle_residue_isqrt": 0,
        "square_oracle_materialized_set": 0,
        "square_oracle_queries": 1749088,
        "square_oracle_range_rejections": 0,
        "square_oracle_residue_rejections": 0,
        "square_oracle_isqrt_tests": 862690,
        "square_oracle_hits": 1582,
        "square_oracle_cache_capacity": 4096,
        "square_oracle_cache_hits": 886398,
        "square_oracle_cache_misses": 862690,
        "square_oracle_cache_current_size": 4096
      }
    }
  },
  "direct_over_cached_median_time": 0.893425173300468
}