{
  "benchmark": "B3-B6 batched isqrt versus materialized set",
  "max_square_root": 100000,
  "repeats": 5,
  "catalog": {
    "progressions": 122640,
    "generation_seconds": 0.23431210000035207,
    "shared_between_all_runs": true
  },
  "summaries": {
    "B3": {
      "class_count": 1,
      "modes": {
        "isqrt": {
          "seconds": [
            0.4401607999998305,
            0.39183950000006007,
            0.3893059000001813,
            0.3896717000006902,
            0.4026945000005071
          ],
          "median_seconds": 0.39183950000006007,
          "min_seconds": 0.3893059000001813,
          "max_seconds": 0.4401607999998305,
          "stats": {
            "progressions": 122640,
            "first_term_groups": 45623,
            "groups_with_two_progressions": 22385,
            "gcd_buckets": 48738,
            "gcd_bucket_pairs_considered": 116991,
            "ordered_progression_pairs": 635968,
            "rejected_nonprimitive_seed": 478344,
            "compatible_progression_pairs": 157624,
            "square_membership_tests": 315248,
            "pair_extension_hits": 1,
            "validated_candidates": 1,
            "rejected_mask": 0,
            "rejected_nonprimitive": 0,
            "duplicate_classes": 0,
            "accepted_classes": 1,
            "square_oracle_cached_isqrt": 0,
            "square_oracle_isqrt": 1,
            "square_oracle_residue_isqrt": 0,
            "square_oracle_materialized_set": 0,
            "square_oracle_queries": 157720,
            "square_oracle_range_rejections": 1,
            "square_oracle_residue_rejections": 0,
            "square_oracle_isqrt_tests": 157719,
            "square_oracle_hits": 97,
            "pre_box_classes": 1,
            "rejected_outside_complete_box": 0
          }
        },
        "materialized_set": {
          "seconds": [
            0.39532059999964986,
            0.386762600000111,
            0.3618917000003421,
            0.3756220999994184,
            0.3645069999993211
          ],
          "median_seconds": 0.3756220999994184,
          "min_seconds": 0.3618917000003421,
          "max_seconds": 0.39532059999964986,
          "stats": {
            "progressions": 122640,
            "first_term_groups": 45623,
            "groups_with_two_progressions": 22385,
            "gcd_buckets": 48738,
            "gcd_bucket_pairs_considered": 116991,
            "ordered_progression_pairs": 635968,
            "rejected_nonprimitive_seed": 478344,
            "compatible_progression_pairs": 157624,
            "square_membership_tests": 315248,
            "pair_extension_hits": 1,
            "validated_candidates": 1,
            "rejected_mask": 0,
            "rejected_nonprimitive": 0,
            "duplicate_classes": 0,
            "accepted_classes": 1,
            "square_oracle_cached_isqrt": 0,
            "square_oracle_isqrt": 0,
            "square_oracle_residue_isqrt": 0,
            "square_oracle_materialized_set": 1,
            "pre_box_classes": 1,
            "rejected_outside_complete_box": 0
          }
        }
      },
      "materialized_over_isqrt_median_time": 0.9586121358345977
    },
    "B4": {
      "class_count": 1,
      "modes": {
        "isqrt": {
          "seconds": [
            1.9124359999996159,
            1.9008959000002505,
            1.9010422999999719,
            1.9375446000003649,
            1.9053952000003846
          ],
          "median_seconds": 1.9053952000003846,
          "min_seconds": 1.9008959000002505,
          "max_seconds": 1.9375446000003649,
          "stats": {
            "progressions": 122640,
            "progression_incidences": 367920,
            "indexed_square_values": 86154,
            "shared_square_values": 61904,
            "gcd_buckets": 165071,
            "gcd_bucket_pairs_considered": 519994,
            "ordered_seed_pairs": 2861724,
            "rejected_nonprimitive_seed": 2175518,
            "compatible_seed_pairs": 686206,
            "rejected_equal_steps": 0,
            "incidence_group_validation": 0,
            "candidate_parameter_triples": 686206,
            "reconstructed_grids": 4,
            "rejected_nonpositive": 225656,
            "rejected_outside_complete_box": 23274,
            "rejected_nondistinct": 4,
            "square_membership_tests": 1749088,
            "rejected_not_exactly_seven": 437268,
            "validated_candidates": 4,
            "rejected_nonprimitive": 0,
            "duplicate_classes": 3,
            "accepted_classes": 1,
            "square_oracle_cached_isqrt": 0,
            "square_oracle_isqrt": 1,
            "square_oracle_residue_isqrt": 0,
            "square_oracle_materialized_set": 0,
            "square_oracle_queries": 1749088,
            "square_oracle_range_rejections": 0,
            "square_oracle_residue_rejections": 0,
            "square_oracle_isqrt_tests": 1749088,
            "square_oracle_hits": 1582,
            "orbit_candidates_corner_edge_nonincident": 4
          }
        },
        "materialized_set": {
          "seconds": [
            1.9513897000006182,
            1.920771899999636,
            1.9624206999997114,
            1.9041305000000648,
            1.9391081000003396
          ],
          "median_seconds": 1.9391081000003396,
          "min_seconds": 1.9041305000000648,
          "max_seconds": 1.9624206999997114,
          "stats": {
            "progressions": 122640,
            "progression_incidences": 367920,
            "indexed_square_values": 86154,
            "shared_square_values": 61904,
            "gcd_buckets": 165071,
            "gcd_bucket_pairs_considered": 519994,
            "ordered_seed_pairs": 2861724,
            "rejected_nonprimitive_seed": 2175518,
            "compatible_seed_pairs": 686206,
            "rejected_equal_steps": 0,
            "incidence_group_validation": 0,
            "candidate_parameter_triples": 686206,
            "reconstructed_grids": 4,
            "rejected_nonpositive": 225656,
            "rejected_outside_complete_box": 23274,
            "rejected_nondistinct": 4,
            "square_membership_tests": 1749088,
            "rejected_not_exactly_seven": 437268,
            "validated_candidates": 4,
            "rejected_nonprimitive": 0,
            "duplicate_classes": 3,
            "accepted_classes": 1,
            "square_oracle_cached_isqrt": 0,
            "square_oracle_isqrt": 0,
            "square_oracle_residue_isqrt": 0,
            "square_oracle_materialized_set": 1,
            "orbit_candidates_corner_edge_nonincident": 4
          }
        }
      },
      "materialized_over_isqrt_median_time": 1.0176933898017315
    },
    "B5": {
      "class_count": 0,
      "modes": {
        "isqrt": {
          "seconds": [
            2.1500348999998096,
            2.173738699999376,
            2.2065011000004233,
            2.2209358999998585,
            2.1980383000000074
          ],
          "median_seconds": 2.1980383000000074,
          "min_seconds": 2.1500348999998096,
          "max_seconds": 2.2209358999998585,
          "stats": {
            "progressions": 122640,
            "progression_incidences": 367920,
            "indexed_square_values": 86154,
            "shared_square_values": 61904,
            "gcd_buckets": 165071,
            "gcd_bucket_pairs_considered": 519994,
            "ordered_seed_pairs": 2861724,
            "rejected_nonprimitive_seed": 2175518,
            "compatible_seed_pairs": 686206,
            "rejected_equal_steps": 0,
            "incidence_group_validation": 0,
            "candidate_parameter_triples": 686206,
            "reconstructed_grids": 0,
            "rejected_nonpositive": 225656,
            "rejected_outside_complete_box": 23274,
            "rejected_nondistinct": 4,
            "square_membership_tests": 1749088,
            "rejected_not_exactly_eight": 437272,