run,order_index,variant,wall_seconds,cpu_seconds,class_count
1,1,material,3.9982770000005985,3.984375,1
1,2,streaming,5.0221760000004,4.390625,1
2,1,streaming,4.960471000000325,4.140625,1
2,2,material,3.8943428000002314,3.890625,1
3,1,material,3.888735100001213,3.890625,1
3,2,streaming,4.962779000001319,4.296875,1
4,1,streaming,5.003622700000051,4.21875,1
4,2,material,3.8980043999999907,3.90625,1
