{
  "engine": "D3-elliptic-local-square-closure-sieve-campaign",
  "curves": [
    34,
    41,
    65,
    137,
    138,
    145,
    154,
    161,
    194
  ],
  "coefficient_bound": 20,
  "local_primes": [
    13,
    29,
    19,
    17,
    23,
    31,
    7,
    11,
    37,
    41,
    43,
    47,
    53,
    59,
    61,
    67
  ],
  "rank_proof_requested": true,
  "records": [
    {
      "engine": "D3-elliptic-local-square-closure-sieve",
      "curve": "y^2 = x^3 - 1156*x",
      "n": 34,
      "rank": 2,
      "rank_proof_requested": true,
      "generators": [
        {
          "x": "-16",
          "y": "120"
        },
        {
          "x": "-2",
          "y": "48"
        }
      ],
      "coefficient_bound": 20,
      "local_primes": [
        13,
        29,
        19,
        17,
        23,
        31,
        7,
        11,
        37,
        41,
        43,
        47,
        53,
        59,
        61,
        67
      ],
      "half_combinations_tested": 1680,
      "certified_progression_centers": 840,
      "center_pairs_tested": 352380,
      "rejected_nonpositive_after_local_sieve": 0,
      "local_rejection_counts": {
        "13": 57923,
        "29": 102237,
        "19": 26723,
        "17": 73661,
        "23": 10902,
        "31": 20280,
        "7": 0,
        "11": 0,
        "37": 17255,
        "41": 15695,
        "43": 9228,
        "47": 1953,
        "53": 6714,
        "59": 2987,
        "61": 2870,
        "67": 1531
      },
      "local_sieve_survivors": 2421,
      "exact_square_tests": 2421,
      "exact_square_test_reduction": 0.9931295760258811,
      "horizontal_square_closures": 0,
      "candidate_count": 0,
      "candidates": [],
      "timing_seconds": {
        "center_enumeration": 1.05841518699998,
        "pair_sieve_and_closure": 0.5788039739999817,
        "total": 3.6267421190000277
      }
    },
    {
      "engine": "D3-elliptic-local-square-closure-sieve",
      "curve": "y^2 = x^3 - 1681*x",
      "n": 41,
      "rank": 2,
      "rank_proof_requested": true,
      "generators": [
        {
          "x": "-9",
          "y": "120"
        },
        {
          "x": "841",
          "y": "24360"
        }
      ],
      "coefficient_bound": 20,
      "local_primes": [
        13,
        29,
        19,
        17,
        23,
        31,
        7,
        11,
        37,
        41,
        43,
        47,
        53,
        59,
        61,
        67
      ],
      "half_combinations_tested": 1680,
      "certified_progression_centers": 840,
      "center_pairs_tested": 352380,
      "rejected_nonpositive_after_local_sieve": 0,
      "local_rejection_counts": {
        "13": 56751,
        "29": 45875,
        "19": 38909,
        "17": 33064,
        "23": 0,
        "31": 21671,
        "7": 0,
        "11": 0,
        "37": 30025,
        "41": 60997,
        "43": 21605,
        "47": 13281,
        "53": 11964,
        "59": 6856,
        "61": 4010,
        "67": 3062
      },
      "local_sieve_survivors": 4310,
      "exact_square_tests": 4310,
      "exact_square_test_reduction": 0.9877688858618536,
      "horizontal_square_closures": 0,
      "candidate_count": 0,
      "candidates": [],
      "timing_seconds": {
        "center_enumeration": 1.9138064210000039,
        "pair_sieve_and_closure": 1.0283316140000238,
        "total": 3.40086170699999
      }
    },
    {
      "engine": "D3-elliptic-local-square-closure-sieve",
      "curve": "y^2 = x^3 - 4225*x",
      "n": 65,
      "rank": 2,
      "rank_proof_requested": true,
      "generators": [
        {
          "x": "-25",
          "y": "300"
        },
        {
          "x": "-16",
          "y": "252"
        }
      ],
      "coefficient_bound": 20,
      "local_primes": [
        13,
        29,
        19,
        17,
        23,
        31,
        7,
        11,
        37,
        41,
        43,
        47,
        53,
        59,
        61,
        67
      ],
      "half_combinations_tested": 1680,
      "certified_progression_centers": 840,
      "center_pairs_tested": 352380,
      "rejected_nonpositive_after_local_sieve": 0,
      "local_rejection_counts": {
        "13": 150524,
        "29": 64855,
        "19": 21775,
        "17": 18733,
        "23": 11277,
        "31": 21467,
        "7": 0,
        "11": 0,
        "37": 0,
        "41": 23070,
        "43": 13705,
        "47": 12617,
        "53": 5526,
        "59": 0,
        "61": 2946,
        "67": 2104
      },
      "local_sieve_survivors": 3781,
      "exact_square_tests": 3781,
      "exact_square_test_reduction": 0.989270106135422,
      "horizontal_square_closures": 0,
      "candidate_count": 0,
      "candidates": [],
      "timing_seconds": {
        "center_enumeration": 1.2752213560000314,
        "pair_sieve_and_closure": 0.7111676480000142,
        "total": 2.3207389930000204
      }
    },
    {
      "engine": "D3-elliptic-local-square-closure-sieve",
      "curve": "y^2 = x^3 - 18769*x",
      "n": 137,
      "rank": 2,
      "rank_proof_requested": true,
      "generators": [
        {
          "x": "-3136/25",
          "y": "-77112/125"
        },
        {
          "x": "188502273/1073296",
          "y": "1619389601535/1111934656"
        }
      ],
      "coefficient_bound": 20,
      "local_primes": [
        13,
        29,
        19,
        17,
        23,
        31,
        7,
        11,
        37,
        41,
        43,
        47,
        53,
        59,
        61,
        67
      ],
      "half_combinations_tested": 1680,
      "certified_progression_centers": 840,
      "center_pairs_tested": 352380,
      "rejected_nonpositive_after_local_sieve": 0,
      "local_rejection_counts": {
        "13": 57069,
        "29": 46855,
        "19": 39357,
        "17": 0,
        "23": 0,
        "31": 52523,
        "7": 0,
        "11": 0,
        "37": 23283,
        "41": 49479,
        "43": 27798,
        "47": 0,
        "53": 22856,
        "59": 12941,
        "61": 8009,
        "67": 5072
      },
      "local_sieve_survivors": 7138,
      "exact_square_tests": 7138,
      "exact_square_test_reduction": 0.9797434587661048,
      "horizontal_square_closures": 0,
      "candidate_count": 0,
      "candidates": [],
      "timing_seconds": {
        "center_enumeration": 5.816328306000003,
        "pair_sieve_and_closure": 2.8010440720000247,
        "total": 9.631151762000002
      }
    },
    {
      "engine": "D3-elliptic-local-square-closure-sieve",
      "curve": "y^2 = x^3 - 19044*x",
      "n": 138,
      "rank": 2,
      "rank_proof_requested": true,
      "generators": [
        {
          "x": "150",
          "y": "720"
        },
        {
          "x": "162",
          "y": "1080"
        }
      ],
      "coefficient_bound": 20,
      "local_primes": [
        13,
        29,
        19,
        17,
        23,
        31,
        7,
        11,
        37,
        41,
        43,
        47,
        53,
        59,
        61,
        67
      ],
      "half_combinations_tested": 1680,
      "certified_progression_centers": 840,
      "center_pairs_tested": 352380,
      "rejected_nonpositive_after_local_sieve": 0,
      "local_rejection_counts": {
        "13": 56322,
        "29": 105933,
        "19": 29691,
        "17": 11187,
        "23": 61969,
        "31": 28615,
        "7": 0,
        "11": 0,
        "37": 17965,
        "41": 14531,
        "43": 8538,
        "47": 1380,
        "53": 6576,
        "59": 3648,
        "61": 568,
        "67": 1892
      },
      "local_sieve_survivors": 3565,
      "exact_square_tests": 3565,
      "exact_square_test_reduction": 0.9898830807650831,
      "horizontal_square_closures": 0,
      "candidate_count": 0,
      "candidates": [],
      "timing_seconds": {
        "center_enumeration": 1.2186517640000147,
        "pair_sieve_and_closure": 0.6842217320000259,